12/6/2021 12:09:32,I have not adhered to any particular coding standards before this course.,I have never used linting tools or checkers before this course.,Agree,Agree,Agree,Agree,Agree,Agree,Agree,5,5,3,4,2,3,Agree,Agree,Agree,Neutral,good,no,Prefer not. The code standard take a long time to study,no
12/6/2021 12:10:31,I have adhered to personal coding standards before this course.,I have never used linting tools or checkers before this course.,Agree,Agree,Agree,Strongly Agree,Agree,Agree,Agree,4,4,2,2,3,4,Agree,Agree,Neutral,Strongly disagree,,,"I think some limited form of code standard is necessary but the degree this course takes it to is still rather personally annoying at times. Stuff like the else in if else statements being unable to be placed after the closed bracket of the if statement is still something I don't understand on why that's not accepted. The impact it has on the grade is also way higher than I expected, which is not exactly to my liking when the code itself could be immaculate. Once again I understand needing readability but this feels a bit excessive.",
12/6/2021 12:12:25,I have adhered to personal coding standards before this course.,I have never used linting tools or checkers before this course.,Agree,Agree,Agree,Agree,Neutral,Neutral,Agree,2,3,3,2,2,4,Neutral,Neutral,Disagree,Agree,The linter is good but there should be a place displaying all the things we can do with it. ,There should be none. ,No. ,None. 
12/6/2021 12:12:27,I have not adhered to any particular coding standards before this course.,I have never used linting tools or checkers before this course.,Neutral,Neutral,Neutral,Neutral,Neutral,Neutral,Neutral,3,3,3,3,3,3,Neutral,Neutral,Agree,Neutral,,,,
12/6/2021 12:13:12,I have adhered to personal coding standards before this course.,I have never used linting tools or checkers before this course.,Agree,Agree,Agree,Strongly Agree,Neutral,Neutral,Agree,3,4,4,2,5,4,Agree,Agree,Agree,Agree,I can't think of any,"Adding a ""your code has met all the coding standard requirement."" would be helpful instead of returning nothing.",Yes because it would be easier to analyze others code and save less time helping other debug.,
12/6/2021 12:24:29,I have adhered to formally defined coding standards before this course.,I have never used linting tools or checkers before this course.,Neutral,Agree,Agree,Agree,Agree,Neutral,Agree,4,4,3,3,3,3,Agree,Neutral,Agree,Strongly agree,,,,
12/6/2021 12:25:22,I have adhered to formally defined coding standards before this course.,I have never used linting tools or checkers before this course.,Agree,Agree,Agree,Agree,Agree,Agree,Agree,4,4,3,3,3,4,Agree,Agree,Neutral,Neutral,"Like the test modules, the linter could provide a rough sense of a student's final code standard grade.","While there are examples given for suitable variable names, often misconceptions during the final grading lead to missed points for variable names that some think is satisfactory, but others do not.","Yes, as code standards can help write cleaner, readable code for anyone to read, regardless of technical expertise.",
12/6/2021 12:28:55,I have not adhered to any particular coding standards before this course.,I have never used linting tools or checkers before this course.,Agree,Agree,Agree,Agree,Agree,Neutral,Agree,4,4,2,2,4,4,Neutral,Agree,Agree,Agree,I think it works well now.,Standard for descriptive name could be less rigid.,"No, because I'd rather not spend so much time on changing the coding standard.",
12/6/2021 12:37:28,I have adhered to formally defined coding standards before this course.,I have never used linting tools or checkers before this course.,Neutral,Neutral,Neutral,Neutral,Neutral,Neutral,Neutral,2,2,2,4,5,4,Strongly Disagree,Strongly Disagree,Strongly Disagree,Strongly agree,maybe let linter tell the students they don't have any error if they got all the standard right.,none,no but I see why school wants us to use coding standard. ,none.
12/6/2021 12:41:03,I have adhered to personal coding standards before this course.,I have never used linting tools or checkers before this course.,Agree,Agree,Disagree,Agree,Neutral,Neutral,Neutral,3,4,4,3,2,3,Agree,Neutral,Neutral,Agree,More code standard points if at all possible,,"No, it ultimately doesn't feel like it is helping me, and is more an annoyance than it is worth. However, I would likely support a standard that doesn't require the header comments, as that is what I find most annoying",
12/6/2021 12:42:12,I have adhered to formally defined coding standards before this course.,I have never used linting tools or checkers before this course.,Neutral,Strongly Agree,Neutral,Strongly Agree,Strongly Agree,Agree,Strongly Agree,4,5,2,2,4,4,Strongly Agree,Strongly Agree,Strongly Agree,Strongly agree,,,,"There are several code standards that the old linter checks but the new one don't. So I have to use both linters and also check again by myself while checking the code. Overall, the new linter is good and very helpful. "
12/6/2021 12:47:57,I have adhered to formally defined coding standards before this course.,I have often used linting tools or checkers before this course.,Agree,Neutral,Agree,Agree,Agree,Agree,Agree,5,5,2,4,3,3,Agree,Agree,Agree,Agree,,,,
12/6/2021 12:49:19,I have adhered to personal coding standards before this course.,I have never used linting tools or checkers before this course.,Strongly Agree,Strongly Agree,Agree,Agree,Agree,Agree,Agree,4,4,2,2,3,4,Neutral,Neutral,Neutral,Strongly agree,,,,
12/6/2021 12:55:16,I have adhered to personal coding standards before this course.,"I have used linting tools or checkers before this course, but not consistently.",Neutral,Strongly Agree,Neutral,Agree,Agree,Agree,Strongly Agree,3,4,3,3,5,3,Agree,Agree,Agree,Agree,GUI?,N/A,"Yes, it prepares for industry.",N/A
12/6/2021 12:55:48,I have adhered to personal coding standards before this course.,I have never used linting tools or checkers before this course.,Agree,Strongly Agree,Strongly Agree,Agree,Agree,Neutral,Strongly Agree,4,4,5,3,3,4,Agree,Neutral,Disagree,Strongly agree,,The code standard's standard on naming variable names can be strict at times.,I feel like a lose code standard is all right but a super strict one is not needed.,
12/6/2021 13:11:40,I have not adhered to any particular coding standards before this course.,I have never used linting tools or checkers before this course.,Agree,Neutral,Agree,Agree,Neutral,Disagree,Neutral,4,4,3,2,3,4,Agree,Disagree,Neutral,Neutral,NA,The Code Standard at times can be too strict and people will lose points for differences that realistically do not matter.,I am in favor of having a code standard in other courses because they can help promote good coding practices but they should not be as strict as the Code Standard for this semester.,
12/6/2021 13:12:03,I have adhered to personal coding standards before this course.,I have never used linting tools or checkers before this course.,Agree,Agree,Agree,Agree,Agree,Neutral,Agree,5,4,3,2,3,4,Disagree,Neutral,Disagree,Strongly agree,,,,
12/6/2021 13:15:29,I have adhered to personal coding standards before this course.,I have never used linting tools or checkers before this course.,Disagree,Neutral,Agree,Agree,Agree,Disagree,Agree,4,4,2,2,3,3,Agree,Agree,Disagree,Agree,the new linter should include the 80+ characters per line standard,n/a,yes but to an extent - ones that make code more readable/ easier to understand,n/a
12/6/2021 13:19:10,I have adhered to personal coding standards before this course.,I have never used linting tools or checkers before this course.,Agree,Strongly Agree,Agree,Agree,Neutral,Neutral,Neutral,3,4,4,3,3,4,Agree,Agree,Neutral,Agree,,,"Yes as it's a good practice to make your code more readable and I've heard from friends that many companies enforce their own coding standards, but things like ""appropriate variable names"" can be very finnicky when it comes to grading.",
12/6/2021 13:21:26,I have not adhered to any particular coding standards before this course.,I have never used linting tools or checkers before this course.,Agree,Agree,Agree,Agree,Agree,Disagree,Agree,3,3,3,3,3,3,Neutral,Agree,Agree,Disagree,None.,None.,"I'm in favor of having readable code, but some small errors should not deduct so many points.",None.
12/6/2021 13:44:13,I have adhered to formally defined coding standards before this course.,I have never used linting tools or checkers before this course.,Strongly Agree,Strongly Agree,Agree,Strongly Agree,Agree,Agree,Strongly Agree,3,4,4,1,2,4,Agree,Neutral,Neutral,Agree,,,,
12/6/2021 13:47:00,I have adhered to formally defined coding standards before this course.,"I have used linting tools or checkers before this course, but not consistently.",Agree,Strongly Agree,Agree,Strongly Agree,Strongly Agree,Strongly Agree,Strongly Agree,3,4,5,4,5,5,Agree,Strongly Agree,Strongly Agree,Strongly agree,,"I wish we had more well-defined examples of code following the standard before our first homework assignment, just to make sure everyone is on the same page.","Yes, although I'm against outrageously hard-to-achieve code standard, I think it is important to you and anyone reading the code that you make it readable and easy to follow.",
12/6/2021 13:54:56,I have adhered to personal coding standards before this course.,"I have used linting tools or checkers before this course, but not consistently.",Agree,Agree,Agree,Neutral,Agree,Agree,Agree,5,4,2,1,4,5,Neutral,Agree,Agree,Agree,"More clearer if exclude the location of file in the directory, just like the old one","Some are too unnecessary, not helping me in writing codes ","Yes, improves my code's readability",
12/6/2021 13:58:46,I have not adhered to any particular coding standards before this course.,I have never used linting tools or checkers before this course.,Agree,Agree,Strongly Agree,Strongly Agree,Agree,Neutral,Strongly Agree,3,4,3,2,3,4,Neutral,Agree,Agree,Neutral,Is all good,none,"no, it takes the more time to fix my code",none
12/6/2021 14:09:58,I have not adhered to any particular coding standards before this course.,I have never used linting tools or checkers before this course.,Strongly Agree,Strongly Agree,Agree,Agree,Strongly Agree,Strongly Agree,Strongly Agree,2,4,1,4,3,4,Agree,Strongly Agree,Strongly Agree,Strongly disagree,,,,
12/6/2021 14:12:56,I have adhered to formally defined coding standards before this course.,"I have used linting tools or checkers before this course, but not consistently.",Neutral,Neutral,Neutral,Neutral,Neutral,Disagree,Neutral,4,4,2,2,2,3,Agree,Disagree,Disagree,Agree,"The biggest feature that is missing is the lack of line length checking. Sure I have it set up in vim to show me where 80 characters is, but sometimes I overlook that.","Some people really hate it but I never had an issue adhering to it, except for the variable names & using 0.0 instead of 0... I have been marked off points for names that I thought were fine many times, though I know that isn't a part of this linter.",They can be nice but sometimes it isn't really useful,No
12/6/2021 14:16:26,I have adhered to formally defined coding standards before this course.,"I have used linting tools or checkers before this course, but not consistently.",Agree,Neutral,Disagree,Agree,Neutral,Agree,Agree,5,3,2,3,4,2,Agree,Strongly Agree,Agree,Agree,,Provide more concrete example.,Yes. Because it helps myself and my cooperators to undersand the code better.,
12/6/2021 14:17:03,I have adhered to formally defined coding standards before this course.,"I have used linting tools or checkers before this course, but not consistently.",Agree,Strongly Agree,Agree,Strongly Agree,Strongly Agree,Strongly Agree,Strongly Agree,1,1,2,2,3,4,Disagree,Agree,Neutral,Strongly agree,,"Make rules regarding initialization of variables and descriptive variable names more clear. For example, specifically state that variables should be initialized within a loop if possible, because that is different from any other course I have taken.","Yes, because it makes it more readable and I would weep for the graders if there were no code standard.",
12/6/2021 14:27:56,I have adhered to personal coding standards before this course.,"I have used linting tools or checkers before this course, but not consistently.",Agree,Agree,Strongly Agree,Strongly Agree,Strongly Agree,Strongly Agree,Agree,3,5,5,2,3,5,Agree,Agree,Agree,Agree,Recommending better variable names,I have no concerns with the code standard I thought it was fair game,I think we should have code standards in every CS courses,
12/6/2021 14:59:30,I have adhered to personal coding standards before this course.,"I have used linting tools or checkers before this course, but not consistently.",Strongly Agree,Strongly Agree,Strongly Agree,Strongly Agree,Strongly Agree,Neutral,Strongly Agree,4,5,4,3,2,4,Agree,Neutral,Neutral,Neutral,,,,
12/6/2021 15:07:55,I have adhered to formally defined coding standards before this course.,I have often used linting tools or checkers before this course.,Strongly Agree,Agree,Agree,Strongly Agree,Strongly Agree,Neutral,Agree,5,5,1,1,3,4,Agree,Strongly Agree,Strongly Agree,Strongly agree,,"I have seen the code standard for using #define within a function. However, there are many same constants I used for different functions. If it is appropriate, I believe a code standard for using #define outside functions (perhaps after all #include's) would be helpful.","I support having a code standard in programming courses. It helps me know how to write readable codes. Sometimes, following a code standard can prevent potential errors (such as having to set the file pointer to NULL after using fclose()).",
12/6/2021 15:09:38,I have adhered to personal coding standards before this course.,"I have used linting tools or checkers before this course, but not consistently.",Agree,Agree,Agree,Agree,Agree,Disagree,Agree,5,5,4,2,2,4,Strongly Agree,Agree,Agree,Agree,Old linter was more readable because the errors had the roman enumaration that the code standard has (so we could match it and get a better explanation). This is especially useful at the beginning of the semester when you are still new to the code. ,What defines a good variable name is very subjective ,"Definitely, it helps to make the code more readable.",I loved how the new linter allows us to see a table with all the variable names we have used
12/6/2021 15:27:19,I have adhered to formally defined coding standards before this course.,"I have used linting tools or checkers before this course, but not consistently.",Agree,Agree,Agree,Agree,Agree,Agree,Agree,3,2,2,1,3,4,Agree,Agree,Agree,Strongly agree,,"""Descriptive variable names"" should be better defined at the start of the course","Yes, improves code significantly",
12/6/2021 15:55:36,I have not adhered to any particular coding standards before this course.,I have never used linting tools or checkers before this course.,Strongly Agree,Strongly Agree,Agree,Agree,Agree,Disagree,Agree,3,2,2,1,4,5,Agree,Agree,Agree,Neutral,,,,
12/6/2021 16:03:47,I have adhered to personal coding standards before this course.,"I have used linting tools or checkers before this course, but not consistently.",Agree,Agree,Strongly Agree,Strongly Agree,Agree,Agree,Strongly Agree,4,4,3,3,4,4,Agree,Agree,Agree,Agree,None,none,"Yes, it really helps improve the quality and readability of my code.",
12/6/2021 16:09:13,I have adhered to formally defined coding standards before this course.,I have never used linting tools or checkers before this course.,Agree,Neutral,Agree,Agree,Neutral,Disagree,Neutral,5,5,2,2,4,4,Disagree,Disagree,Disagree,Neutral,n/a. I think it is fine.,n/a,no because it is pointless. ,n/a
12/6/2021 16:33:27,I have not adhered to any particular coding standards before this course.,I have never used linting tools or checkers before this course.,Strongly Agree,Strongly Agree,Strongly Agree,Strongly Agree,Strongly Agree,Strongly Agree,Strongly Agree,3,1,5,2,2,4,Strongly Agree,Strongly Agree,Strongly Agree,Agree,I would love if we worked towards making your code guaranteed perfect coding standard score.,,"Yes, it definitely helps keep my code readable.",
12/6/2021 16:37:17,I have not adhered to any particular coding standards before this course.,I have never used linting tools or checkers before this course.,Strongly Agree,Strongly Agree,Strongly Agree,Strongly Agree,Strongly Agree,Strongly Agree,Strongly Agree,4,5,2,2,3,4,Strongly Agree,Strongly Agree,Strongly Agree,Strongly agree,"none, it is perfect",none,"yes, it helps me code better and with meaning.",
12/6/2021 16:54:35,I have adhered to personal coding standards before this course.,"I have used linting tools or checkers before this course, but not consistently.",Neutral,Disagree,Agree,Neutral,Agree,Disagree,Agree,4,2,3,3,3,4,Neutral,Agree,Disagree,Agree,"Reduce the amount of information displayed. Only display what line the error is on, what the error is, and what section of the code standard it violates.","Do not be so strict with variable naming. It is not possible to have variable names that are both short and meaningful, they are trade offs. In my opinion, else statements that begin in the same line as the closing bracket for their matching if statement look cleaner that starting in a new line below.","Yes, I do believe they make code more readable and organized. It trains the students into the habit of writing clean code.",There is still an incorrect error that the new error displays and has not been fixed about a new line required at the start of the function header comments.
12/6/2021 17:04:23,I have adhered to formally defined coding standards before this course.,I have never used linting tools or checkers before this course.,Strongly Agree,Strongly Agree,Strongly Agree,Strongly Agree,Agree,Agree,Strongly Agree,3,5,4,2,3,4,Agree,Agree,Agree,Neutral,"None, I thoroughly enjoyed using the new linter.",I think the code standard is well defined.,Yes I think it is good coding practice and enforces and promotes writing easy to follow/read software.,
12/6/2021 17:12:00,I have adhered to formally defined coding standards before this course.,"I have used linting tools or checkers before this course, but not consistently.",Neutral,Neutral,Neutral,Neutral,Neutral,Neutral,Neutral,4,4,1,1,4,4,Neutral,Neutral,Disagree,Agree,characters per line count,,,
12/6/2021 17:18:49,I have not adhered to any particular coding standards before this course.,I have never used linting tools or checkers before this course.,Agree,Agree,Agree,Neutral,Agree,Agree,Agree,2,2,3,3,4,4,Agree,Agree,Neutral,Neutral,,,,
12/6/2021 17:38:25,I have adhered to formally defined coding standards before this course.,"I have used linting tools or checkers before this course, but not consistently.",Strongly Agree,Strongly Agree,Strongly Agree,Strongly Agree,Agree,Neutral,Agree,4,4,2,2,3,4,Agree,Agree,Neutral,Agree,I would appreciate grouped errors by type. Ex: show all 80 character errors together and all .... errors together. Or maybe just an option to organize them that way.,I like it. I would like it to be written more concisely and not on a website more like a pdf I can download. This will allow me to simply have it on my computer.,Yes. Students need to learn how to adhere to some sort of standard.,
12/6/2021 17:42:19,I have adhered to formally defined coding standards before this course.,I have often used linting tools or checkers before this course.,Agree,Agree,Agree,Agree,Disagree,Disagree,Disagree,4,5,1,1,3,4,Disagree,Disagree,Disagree,Agree,,,,
12/6/2021 18:04:58,I have adhered to personal coding standards before this course.,"I have used linting tools or checkers before this course, but not consistently.",Strongly Agree,Strongly Agree,Agree,Strongly Agree,Neutral,Strongly Disagree,Strongly Agree,2,1,4,3,2,4,Neutral,Agree,Neutral,Strongly agree,"The linter is really great. If anything I would say to make it more apparent where the error is, sometimes its hard to read but other than that it is great.",The Code Standard is something everyone should follow and after the first three homeworks I didn't think it was that bad. Only thing that still annoys me is putting parentheses inside if statements with multiple conditionals. This is probably just me being lazy though.,I would like to have a code standard in other courses. If it were as strict as this one it should definitely have a linter. If it does not have a linter than it should be less strict.,"The new linter is definitely a time saver. The old linter would point to some things and not everything, the new linter does a better job at getting most things. Even the subjective things like the variable names, I loved using the linter --grade feature to access all my variable names and make sure I didn't name any of them a or b. Overall thanks Rowan what a brilliant man you are!"
12/6/2021 18:05:38,I have not adhered to any particular coding standards before this course.,I have never used linting tools or checkers before this course.,Agree,Strongly Agree,Neutral,Strongly Agree,Agree,Neutral,Agree,2,3,3,2,3,3,Agree,Neutral,Agree,Strongly agree,,,I believe I am. I am not the hugest fan of how the code standard is set up and there are a few things I would change but I can get used to them. Overall it makes code cleaner though so I can't deny its usefulness.,
12/6/2021 18:24:51,I have adhered to personal coding standards before this course.,I have never used linting tools or checkers before this course.,Strongly Agree,Strongly Agree,Agree,Agree,Neutral,Neutral,Neutral,4,5,1,1,4,5,Agree,Neutral,Agree,Strongly agree,,I think some of the variable names could be a little more flexible such as: a char array variable names buffer should not be a code standard violation since I think it is fairly well defined as to what the variable does.,I favor having a code standard since it does ensure that we write readable code that actually helps us read through and debug.,
12/6/2021 18:59:32,I have adhered to personal coding standards before this course.,I have never used linting tools or checkers before this course.,Disagree,Agree,Agree,Neutral,Agree,Agree,Agree,5,4,2,3,3,3,Strongly Agree,Strongly Agree,Strongly Agree,Strongly agree,Sometimes it is harder to read than the old linter. The new linter seems to list errors that point to another thing when it isn't an error.,There were many inconsistencies in the TA's when grading the coding standard. Sometimes they would mark points for one thing and sometimes they would not for another. I had to manually ask for a regrade where then they would go and fix the grade.,Yes. I believe that it increases the quality of your code and it should be implemented in other courses.,
12/6/2021 19:02:01,I have adhered to formally defined coding standards before this course.,I have never used linting tools or checkers before this course.,Agree,Strongly Agree,Agree,Strongly Agree,Strongly Agree,Agree,Strongly Agree,4,5,3,4,3,4,Agree,Strongly Agree,Agree,Strongly agree,no issues!,"I really appreciate the work put into the linter, and it has helped me greatly.","Yes, because it helps the students write readable code that will help us in the future.",none
12/6/2021 19:24:17,I have adhered to personal coding standards before this course.,I have never used linting tools or checkers before this course.,Agree,Disagree,Strongly Agree,Disagree,Neutral,Disagree,Neutral,5,4,4,4,3,5,Neutral,Neutral,Neutral,Neutral,,,,
12/6/2021 23:12:38,I have adhered to personal coding standards before this course.,"I have used linting tools or checkers before this course, but not consistently.",Agree,Agree,Strongly Agree,Strongly Agree,Neutral,Neutral,Strongly Agree,4,4,2,3,3,4,Strongly Agree,Neutral,Disagree,Agree,,,,
12/7/2021 2:10:03,I have not adhered to any particular coding standards before this course.,I have never used linting tools or checkers before this course.,Strongly Agree,Strongly Agree,Strongly Agree,Agree,Strongly Agree,Neutral,Strongly Agree,2,4,4,1,3,4,Strongly Agree,Strongly Agree,Neutral,Agree,,,,
12/7/2021 4:21:30,I have adhered to personal coding standards before this course.,"I have used linting tools or checkers before this course, but not consistently.",Agree,Agree,Agree,Agree,Neutral,Disagree,Neutral,4,4,2,2,4,4,Disagree,Disagree,Disagree,Agree,,,Yes but without it having so much grade weightage,
12/7/2021 4:33:54,I have adhered to formally defined coding standards before this course.,"I have used linting tools or checkers before this course, but not consistently.",Strongly Agree,Neutral,Agree,Agree,Agree,Neutral,Neutral,3,4,3,2,4,4,Agree,Strongly Agree,Strongly Agree,Strongly disagree,N/A,,,
12/7/2021 5:01:21,I have adhered to personal coding standards before this course.,"I have used linting tools or checkers before this course, but not consistently.",Agree,Agree,Agree,Agree,Agree,,Agree,4,4,2,2,2,2,Agree,Agree,Agree,Agree,I think everything is fine,No,"Yes, because everyone can adhere to it and it makes grading easier for TAs",
12/7/2021 5:03:53,I have adhered to personal coding standards before this course.,I have never used linting tools or checkers before this course.,Agree,Strongly Agree,Agree,Agree,Neutral,Strongly Disagree,Agree,4,4,2,3,3,4,Agree,Neutral,Disagree,Strongly agree,I just wish the new linter pointed out when lines were too long (over 80 characters)- in my experience it didnt and it made me a little concerned that there were other issues it didnt see that linter-old did,I think code standards are important but I do think that they are graded a little harshly- there were definitely times where the errors I made and was significantly docked for did not negatively impact code readability as much as grading made it seem.,,
12/7/2021 5:11:21,I have not adhered to any particular coding standards before this course.,I have never used linting tools or checkers before this course.,Agree,Agree,Agree,Agree,Agree,Neutral,Agree,3,4,4,2,2,4,Neutral,Disagree,Neutral,Neutral,"I used the linter and would fix all the issues and still get bad code standard grades, so fix something about that.",The rule about variable names needs to go.,I liked it helping me be organized but some of the rules are too specific.,
12/7/2021 5:15:19,I have adhered to personal coding standards before this course.,I have never used linting tools or checkers before this course.,Strongly Agree,Strongly Agree,Strongly Agree,Strongly Agree,Agree,Agree,Strongly Agree,5,5,3,2,3,3,Agree,Neutral,Disagree,Agree,No changes need to be made to the new linter. I feel that it covers everything about the coding standard.,I think that for the coding standard tabs should be allowed along with the 2 spaces because some people are more comfortable using tab instead of the 2 spaces.,"Personally no, but I understand that it is necessary for TAs to grade our work.",N/A
12/7/2021 5:17:54,I have adhered to formally defined coding standards before this course.,I have never used linting tools or checkers before this course.,Strongly Agree,Strongly Agree,Strongly Agree,Strongly Agree,Strongly Agree,Agree,Neutral,5,5,1,1,5,5,Strongly Agree,Agree,Neutral,Agree,Can't really think of any.,,"Yes, it helps clean the code and preps for future work in the field, but it can also not be beneficial to the student's grade. Overall it is beneficial though, so I am in favor of it. ",
12/7/2021 5:34:13,I have adhered to personal coding standards before this course.,"I have used linting tools or checkers before this course, but not consistently.",Agree,Agree,Agree,Strongly Agree,Agree,Neutral,Agree,3,4,4,2,3,4,Agree,Neutral,Agree,Strongly disagree,,,"I think descriptive names should not be so strict, like ""counter"", ""node"", ""file"" etc. sometimes is just the word I could come up with. Could this be like a warning but not actually reducing points? It's really reducing my overall homework score alot.",
12/7/2021 6:28:07,I have adhered to formally defined coding standards before this course.,I have often used linting tools or checkers before this course.,Agree,Agree,Agree,Agree,Agree,Disagree,Agree,4,3,2,3,3,4,Neutral,Agree,Agree,Agree,"I think the new linter has a lot of text that makes it hard to quickly figure out what the problem is, whereas the old linter, while simple, was very brief and quick to use.",It's too vague in some places,"Yes, because it makes code more consistent, but I don't think it should be as strict",
12/7/2021 6:40:03,I have not adhered to any particular coding standards before this course.,I have never used linting tools or checkers before this course.,Agree,Agree,Agree,Agree,Neutral,Disagree,Agree,5,5,3,3,3,4,Neutral,Neutral,Neutral,Neutral,n/a,"the variable naming is the most frustrating. I think it is very subjective what defines a good variable name, maybe just make it more clear what you expect from a variable name because for instance if I have a function where its only possible to have one variable being counted and so I make a variable and call it counter, I don't think it adds anything to the code to make an unnecessarily long name for it, yet i'll lose points for it each week. ",yes - but the code standard should be fair.,
12/7/2021 7:34:12,I have adhered to formally defined coding standards before this course.,I have never used linting tools or checkers before this course.,Agree,Agree,Agree,Agree,Strongly Agree,,Agree,5,5,3,3,2,3,Agree,Agree,Agree,Strongly agree,,,I think all CS courses should have a code standard because it requires students to keep their code looking acceptable and presentable for others to read. It also helps them to stay organized with their code.,
12/7/2021 7:59:19,I have adhered to formally defined coding standards before this course.,I have never used linting tools or checkers before this course.,Strongly Agree,Strongly Agree,Agree,Strongly Agree,Strongly Agree,Neutral,Agree,4,4,3,2,2,4,Agree,Strongly Agree,Strongly Agree,Strongly agree,N/A,N/A,"Yes, because it teaches the student proper ways to type and format code. Considering in the real world a company will probably require a code standard and if the student is use to typing to a new standard the learning curve will be smaller.",
12/7/2021 8:34:35,I have adhered to formally defined coding standards before this course.,I have never used linting tools or checkers before this course.,Agree,Strongly Agree,Agree,Agree,Neutral,Neutral,Agree,3,5,5,1,3,4,Agree,Agree,Neutral,Agree,,"Constantly typing ""good"" variable names can take a long time, but having a simple name for local variables seems like it would be well understood enough with a good comment defining it.","It improves the understanding of how the code works, useful to graders and to peers in group projects. However, it does not serve much purpose when it is for oneself. I am in favor of code standards for group work but not solo assignments.",
12/7/2021 8:38:09,I have adhered to personal coding standards before this course.,I have never used linting tools or checkers before this course.,Agree,Agree,Disagree,Neutral,Agree,Neutral,Agree,4,3,2,2,1,1,Strongly Agree,Strongly Agree,Strongly Agree,Disagree,,,,
12/7/2021 10:12:25,I have not adhered to any particular coding standards before this course.,I have never used linting tools or checkers before this course.,Agree,Agree,Disagree,Disagree,Agree,Agree,Agree,4,4,3,2,4,4,Agree,Neutral,Disagree,Agree,,,"Yes, to an extent. I think they are helpful and I of course can acknowledge the ease they add to grading. ",
12/7/2021 10:31:09,I have adhered to personal coding standards before this course.,I have never used linting tools or checkers before this course.,Strongly Agree,Strongly Agree,Strongly Agree,Strongly Agree,Agree,Neutral,Agree,3,4,2,1,3,4,Strongly Agree,Agree,Disagree,Agree,"Overall, I think it was a big improvement over the old one. My only real comment for improvement is that there are a couple of errors which were distinct in the old linter and I think have been combined in this one, and I prefer them distinct.","
I think it could be a bit more flexible without compromising code readability",Yes. They are used in industry and improve code readability,
12/7/2021 10:39:57,I have adhered to personal coding standards before this course.,"I have used linting tools or checkers before this course, but not consistently.",Neutral,Agree,Agree,Disagree,Agree,Disagree,Agree,3,3,3,3,3,3,Agree,Agree,Agree,Agree,,I think the amount of points you could lose outside the code standard was kinda crazy,"yes, but I think that if you pass the linter you should be able to get a 100 like in cs 180",
12/7/2021 10:49:00,I have not adhered to any particular coding standards before this course.,I have never used linting tools or checkers before this course.,Agree,Agree,Agree,Agree,Agree,Agree,Agree,3,3,3,3,3,3,Agree,Agree,Agree,Strongly agree,Some of the old linter and new linter conflict themselves.,I think it's good how it is,No because sometimes it can be graded too hard ,
12/7/2021 11:11:41,I have adhered to personal coding standards before this course.,I have often used linting tools or checkers before this course.,Agree,Agree,Strongly Agree,Agree,Strongly Agree,Agree,Agree,5,5,2,2,2,2,Agree,Agree,Neutral,Agree,nothing,nothing,"yes, because it gets you familiar with the proper way of coding",nope
12/7/2021 11:29:53,I have adhered to formally defined coding standards before this course.,I have never used linting tools or checkers before this course.,Strongly Agree,Strongly Agree,Strongly Agree,Strongly Agree,Agree,Neutral,Neutral,4,4,2,2,3,4,Agree,Agree,Neutral,Agree,,,,
12/7/2021 11:52:01,I have adhered to formally defined coding standards before this course.,"I have used linting tools or checkers before this course, but not consistently.",Agree,Agree,Neutral,Neutral,Agree,Agree,Agree,2,3,3,2,2,3,Neutral,Neutral,Neutral,Agree,cleaner output to help ease reading,none,no preference,thanks for a great semester
12/7/2021 11:58:30,I have adhered to personal coding standards before this course.,"I have used linting tools or checkers before this course, but not consistently.",Neutral,Neutral,Neutral,Agree,Neutral,Disagree,Agree,5,3,5,5,5,5,Strongly Agree,Strongly Agree,Strongly Agree,Strongly disagree,no,no,no,no
12/7/2021 12:02:49,I have adhered to personal coding standards before this course.,I have never used linting tools or checkers before this course.,Strongly Agree,Strongly Agree,Strongly Agree,Agree,Neutral,Neutral,Neutral,2,1,1,1,2,2,Agree,Neutral,Neutral,Agree,Maybe print out what is the correct form of the code standard-violated part,no,no,no
12/7/2021 12:08:15,I have adhered to personal coding standards before this course.,"I have used linting tools or checkers before this course, but not consistently.",Agree,Agree,Agree,Agree,Agree,Agree,Agree,3,4,2,2,2,3,Agree,Agree,Agree,Agree,,,,
12/7/2021 12:18:05,I have not adhered to any particular coding standards before this course.,"I have used linting tools or checkers before this course, but not consistently.",Strongly Agree,Strongly Agree,Strongly Agree,Strongly Agree,Agree,Neutral,Strongly Agree,4,5,4,4,3,4,Strongly Agree,Strongly Agree,Neutral,Strongly disagree,It would be great if the rule violated based on CS 240's code standard could be printed alongside the error. It would make it easier to understand the error.,I like the code standard. It has made me think faster about certain problems and made sure that I can debug faster since code is easier to read.,"Yes, I am in favor. It helps in understanding the code and the syntax much better. The more it is made to use, the better programmers, we become.",
12/7/2021 12:20:56,I have not adhered to any particular coding standards before this course.,I have never used linting tools or checkers before this course.,Agree,Agree,Agree,Strongly Agree,Neutral,Disagree,Agree,1,2,4,4,4,4,Agree,Neutral,Neutral,Agree,"Two of the main things that I often got deducted for code standard wise even later on were my variable names, which were often considered to be not specific enough, and using 0 instead of 0.0 when using floats. While the specificity of variable names probably can't have much done about it, maybe if you can have it check as to whether or not the floating point variable is correct may help. ","Not too much, but I'd appreciate a bit more leniency with variable names such as ""temp""","I would personally prefer not to, as while it helps somewhat with organization, I feel like the changes are rather superficial and often end up just feeling somewhat tedious, and the most points I've lost in this course for the homework have been due to the code standard, even though I'm getting 100 on the homework otherwise.",
12/7/2021 12:45:14,I have not adhered to any particular coding standards before this course.,I have never used linting tools or checkers before this course.,Agree,Disagree,Strongly Agree,Agree,Agree,Disagree,Agree,4,3,3,3,3,4,Disagree,Disagree,Neutral,Agree,,,,
12/7/2021 12:46:53,I have adhered to formally defined coding standards before this course.,"I have used linting tools or checkers before this course, but not consistently.",Agree,Strongly Agree,Strongly Agree,Strongly Agree,Strongly Agree,Agree,Strongly Agree,3,2,4,2,5,5,Agree,Agree,Strongly Agree,Strongly disagree,,I was confused on the heading at first because I was not aware of how the asterisks were placed.,Yes because it helps keeping code organized and readable.,
12/7/2021 12:48:29,I have adhered to formally defined coding standards before this course.,I have often used linting tools or checkers before this course.,Agree,Agree,Agree,Agree,Agree,Neutral,Agree,5,5,5,5,4,5,Strongly Agree,Agree,Disagree,Agree,No changes. ,"I had a lot of my points taken off for the grader's subjective view on my variable names. In many cases, I had to do a regrade request to get that fixed. In some cases, I didn't agree with the point deduction.","Yes. However, I found this code standard to be very strict. Some of them made sense while other aspects felt a little too nit picky. ",
12/7/2021 14:17:42,I have adhered to formally defined coding standards before this course.,"I have used linting tools or checkers before this course, but not consistently.",Strongly Agree,Strongly Agree,Strongly Agree,Strongly Agree,Agree,Neutral,Agree,4,4,4,4,3,4,Agree,Agree,Agree,Agree,,"at the beginning of the semester, I had complaints about some minor things e.g., we weren't allowed to put ""else {"" on the same line as the last closing curly brace. But I've gotten use to them","yes, it helps provide guidelines for how to make the code look neat.",
12/7/2021 16:47:44,I have adhered to personal coding standards before this course.,I have never used linting tools or checkers before this course.,Agree,Strongly Agree,Strongly Agree,Strongly Agree,Neutral,Disagree,Disagree,4,5,3,2,3,4,Agree,Disagree,Strongly Disagree,Agree,I think the new linter is relatively helpful in meeting CS240's code standard,"80 character line and ""name makes sense for everyone"" convention do not fit too well and actually makes code look ugly",,
12/7/2021 16:50:33,I have not adhered to any particular coding standards before this course.,"I have used linting tools or checkers before this course, but not consistently.",Agree,Agree,Agree,Agree,Neutral,Neutral,Neutral,2,1,3,2,3,4,Agree,Agree,Agree,Agree,I would say to slightly improve readability sometimes it can feel slightly overwhelming to use it,"None at all, at times I it is easy to miss things because of the length of the code standard","Yes, it helps add another challenge to make your code readable and understandable instead of just trying to solve the problem you are coding.",
12/7/2021 16:55:16,I have adhered to formally defined coding standards before this course.,I have often used linting tools or checkers before this course.,Strongly Agree,Strongly Agree,Strongly Agree,Strongly Agree,Strongly Agree,Strongly Agree,Strongly Agree,5,4,2,2,3,4,Strongly Agree,Strongly Agree,Strongly Agree,Strongly disagree,no,no,Yes,no
12/7/2021 17:42:58,I have adhered to formally defined coding standards before this course.,"I have used linting tools or checkers before this course, but not consistently.",Strongly Agree,Agree,Neutral,Agree,Disagree,Strongly Disagree,Strongly Agree,4,5,5,3,4,4,Strongly Agree,Neutral,Agree,Strongly disagree,Checking for setting pointers to null after using free(),I would recommend putting more samples of each part of the code standard on the webpage so that it is easier to tell exactly what is applicable across different contexts.,,
12/7/2021 18:27:47,I have not adhered to any particular coding standards before this course.,I have never used linting tools or checkers before this course.,Agree,Agree,Agree,Agree,Agree,Agree,Agree,5,5,4,3,3,4,Neutral,Agree,Agree,Neutral,,,,
12/7/2021 18:53:40,I have adhered to personal coding standards before this course.,I have often used linting tools or checkers before this course.,Agree,Agree,Agree,Agree,Agree,Agree,Agree,3,3,4,3,3,4,Agree,Agree,Agree,Agree,,,,
12/7/2021 20:33:26,I have adhered to formally defined coding standards before this course.,I have never used linting tools or checkers before this course.,Agree,Neutral,Neutral,Agree,Agree,Agree,Disagree,4,2,3,4,4,4,Agree,Agree,Agree,Strongly agree,"There were no significant changes I would suggest for the new linter. Sometimes the colors can actually hinder reading, but other than that it seems about the same as the old linter.","The code standard is often ambiguous and left to the personal judgment of the TAs, which can lead to discrepancies in fair grading.","Yes, but I think that some additional code standard requirements should be optional. At times the code standard is, in my opinion, not necessary. (such as having header comments for an assert function that is 2 lines long). I understand that this would cause even more ambiguity, which would need to be worked around.","Overall, I don't feel much of a significant change between the linters, though the old one's format was more familiar to me, which may cause bias. "
12/7/2021 21:32:42,I have not adhered to any particular coding standards before this course.,I have never used linting tools or checkers before this course.,Agree,Agree,Agree,Neutral,Neutral,Agree,Agree,3,4,4,4,4,4,Agree,Agree,Agree,Agree,,,,
12/8/2021 2:57:21,I have adhered to personal coding standards before this course.,I have never used linting tools or checkers before this course.,Strongly Agree,Strongly Agree,Agree,Agree,Neutral,Disagree,Strongly Agree,3,4,4,3,2,3,Neutral,Agree,Disagree,Strongly agree,,,,
12/8/2021 3:39:29,I have adhered to personal coding standards before this course.,I have never used linting tools or checkers before this course.,Agree,Strongly Agree,Agree,Strongly Agree,Strongly Agree,Neutral,Strongly Agree,5,5,2,2,3,4,Strongly Agree,Strongly Agree,Agree,Strongly agree,,,"Yes, it is definitely helpful when working on a group project",
12/8/2021 4:59:50,I have adhered to formally defined coding standards before this course.,I have never used linting tools or checkers before this course.,Agree,Agree,Agree,Strongly Agree,Neutral,Neutral,Neutral,2,4,2,1,3,4,Disagree,Disagree,Agree,Agree,,,,
12/8/2021 5:45:28,I have adhered to personal coding standards before this course.,"I have used linting tools or checkers before this course, but not consistently.",Agree,Agree,Neutral,Strongly Agree,Agree,Disagree,Strongly Agree,3,4,4,2,3,4,Agree,Agree,Agree,Agree,,,,
12/8/2021 5:52:10,I have adhered to personal coding standards before this course.,I have never used linting tools or checkers before this course.,Agree,Agree,Agree,Agree,Agree,Neutral,Agree,4,4,2,2,3,4,Agree,Agree,Neutral,Agree,"Instead of having nothing print when there are no errors, a message such as ""no errors"" should be printed.",,I am in favor of having code standards in other courses because it helps make code more readable.,
12/8/2021 5:54:05,I have adhered to personal coding standards before this course.,"I have used linting tools or checkers before this course, but not consistently.",Strongly Agree,Strongly Agree,Strongly Agree,Strongly Agree,Strongly Agree,Agree,Strongly Agree,4,4,3,3,3,4,Agree,Agree,Agree,Agree,More readable warnings/errors,,"Yes, because it helps us a better and neater programmer.",
12/8/2021 6:55:39,I have adhered to formally defined coding standards before this course.,I have never used linting tools or checkers before this course.,Agree,Neutral,Agree,Agree,Neutral,Disagree,Disagree,2,4,3,4,2,1,Disagree,Disagree,Neutral,Strongly agree,,,,
12/8/2021 8:34:23,I have adhered to formally defined coding standards before this course.,I have often used linting tools or checkers before this course.,Agree,Disagree,Agree,Agree,Neutral,Disagree,Disagree,5,5,1,1,4,4,Strongly Agree,Disagree,Disagree,Agree,When there are no errors say there are no errors instead of just no output to terminal,the if else placements,yes because it does improve code legibility ,
12/8/2021 8:49:19,I have adhered to formally defined coding standards before this course.,"I have used linting tools or checkers before this course, but not consistently.",Disagree,Disagree,Strongly Disagree,Agree,Disagree,Strongly Disagree,Strongly Disagree,3,2,4,4,3,3,Strongly Disagree,Strongly Disagree,Strongly Disagree,Agree,,Rewrite the whole thing. ,"Yes, because there needs to be some level of readability in code, but not a code standard that micromanages everything, is subjective, and is never enforced in context, the way this course's code standard is. ",I consistently received a bug with the new linter saying that a blank line was needed before each function where I already had one. This bug was never fixed and led to other linter warnings getting buried. I ended up using the old linter for nearly all homeworks as a result. 
12/8/2021 9:03:04,I have not adhered to any particular coding standards before this course.,I have never used linting tools or checkers before this course.,Neutral,Disagree,Neutral,Neutral,Neutral,Neutral,Neutral,5,4,3,3,4,2,Neutral,Agree,Strongly Agree,Strongly disagree,I liked how the old linter would display the line number more visibly.,I thought it was fine. ,"No, because we don't check other people's code so it doesn't personally matter. But if it helps the TAs grade or is useful for future jobs then it could be fine.",
12/8/2021 9:29:14,I have not adhered to any particular coding standards before this course.,I have never used linting tools or checkers before this course.,Strongly Agree,Strongly Agree,Strongly Agree,Strongly Agree,Strongly Agree,Strongly Agree,Strongly Agree,3,5,3,5,2,5,Agree,Agree,Agree,Strongly agree,,,,
12/8/2021 10:04:45,I have adhered to formally defined coding standards before this course.,I have never used linting tools or checkers before this course.,Strongly Agree,Strongly Agree,Agree,Strongly Agree,Neutral,Agree,Disagree,5,5,3,2,2,4,Disagree,Strongly Disagree,Strongly Disagree,Agree,,,,
12/8/2021 10:05:46,I have adhered to personal coding standards before this course.,"I have used linting tools or checkers before this course, but not consistently.",Agree,Strongly Disagree,Strongly Disagree,Agree,Agree,Agree,Agree,4,4,4,4,4,4,Strongly Disagree,Strongly Disagree,Strongly Disagree,Strongly agree,,,,
12/8/2021 10:28:39,I have adhered to personal coding standards before this course.,I have never used linting tools or checkers before this course.,Agree,Agree,Agree,Agree,Agree,Disagree,Agree,3,4,4,1,3,4,Agree,Agree,Agree,Agree,,,"Yes, it improves the readability of code",
12/8/2021 10:39:45,I have adhered to formally defined coding standards before this course.,I have never used linting tools or checkers before this course.,Agree,Agree,Agree,Strongly Agree,Agree,Disagree,Agree,3,4,3,1,3,4,Agree,Agree,Agree,Agree,none,none,"Yes, it makes me used to following standards, which we will also have to do in workplaces",none
12/8/2021 10:40:27,I have adhered to personal coding standards before this course.,"I have used linting tools or checkers before this course, but not consistently.",Strongly Agree,Agree,Agree,Agree,Agree,Neutral,Agree,1,1,3,2,3,4,Agree,Agree,Agree,Agree,Checking for line length,More defined standards on variable names would be nice,"Yes, writing in a code standard is good practice",
12/8/2021 11:37:32,I have adhered to personal coding standards before this course.,"I have used linting tools or checkers before this course, but not consistently.",Agree,Neutral,Agree,Agree,Agree,Disagree,Agree,2,2,3,3,3,4,Agree,Agree,Neutral,Agree,Maybe color coding if that's possible,,"Yes, but maybe not as detailed as cs240 code standard",
12/8/2021 11:45:33,I have adhered to personal coding standards before this course.,"I have used linting tools or checkers before this course, but not consistently.",Agree,Strongly Agree,Agree,Neutral,Strongly Agree,Strongly Disagree,Agree,3,2,4,3,3,4,Neutral,Agree,Agree,Agree,"Some of the line become very long and can blend together easily, maybe some easy way to separate them or something","I think some thing could be more well defined , some parts state things like ""there should be a space after x"" but then you would get counted off on the assignment because you had more than one space, even you still had a space. Things need to be really specific so there is not confusion.","I am, it honestly makes my code a lot more readable. ",
12/8/2021 11:47:14,I have adhered to formally defined coding standards before this course.,"I have used linting tools or checkers before this course, but not consistently.",Strongly Disagree,Strongly Disagree,Strongly Disagree,Strongly Disagree,Disagree,Disagree,Disagree,4,2,2,5,4,2,Disagree,Disagree,Strongly Disagree,Agree,I liked the way the old linter listed out coding standard violations,None,I think that code standard should just make code easier to read/follow as long as iit does that i dont think it matters what the standard is,none
12/8/2021 11:57:41,I have adhered to formally defined coding standards before this course.,"I have used linting tools or checkers before this course, but not consistently.",Strongly Agree,Strongly Agree,Strongly Agree,Strongly Agree,Strongly Agree,Agree,Strongly Agree,4,5,2,1,4,5,Strongly Agree,Strongly Agree,Strongly Agree,Strongly disagree,,,,
12/8/2021 12:49:29,I have adhered to personal coding standards before this course.,"I have used linting tools or checkers before this course, but not consistently.",Neutral,Neutral,Neutral,Agree,Neutral,Neutral,Agree,3,4,3,3,4,5,Neutral,Neutral,Neutral,Neutral,I like using it beside the bugs cause confusion.,Its hard to think of descriptive names.,I like how code standard keeps the code clear to read but it picks on very little things.,nope
12/8/2021 18:58:17,I have not adhered to any particular coding standards before this course.,I have never used linting tools or checkers before this course.,Agree,Agree,Agree,Agree,Agree,Neutral,Agree,3,4,4,3,4,4,Agree,Agree,Agree,Agree,More sorted,It is better than the old one,New one. More readable and easier to use,
12/9/2021 6:49:31,I have not adhered to any particular coding standards before this course.,I have often used linting tools or checkers before this course.,Agree,Agree,Agree,Agree,Agree,Agree,Agree,3,3,3,3,3,3,Agree,Neutral,Agree,Neutral,,,,
12/9/2021 8:32:18,I have adhered to personal coding standards before this course.,I have never used linting tools or checkers before this course.,Agree,Agree,Agree,Agree,Neutral,Neutral,Agree,3,1,3,2,3,4,Neutral,Neutral,Neutral,Agree,,"More examples with naming conventions should be provided, or rather, a larger variety of examples of the code standard in use would make for a nice addition.","Yeah, it makes reading the code easier, I would imagine it makes the TA's lives easier",
12/9/2021 12:52:44,I have adhered to personal coding standards before this course.,I have often used linting tools or checkers before this course.,Disagree,Disagree,Disagree,Strongly Disagree,Agree,Agree,Agree,4,2,3,4,4,5,Disagree,Agree,Neutral,Agree,It should be able to tell if the variable names don't make any sense because those are the areas where I always lose points.,There should be more clarity on what type of variable names are considered meaningful.,Some coding standards should be there but not so tough ones.,none
12/9/2021 14:28:40,I have adhered to personal coding standards before this course.,I have never used linting tools or checkers before this course.,Agree,Agree,Agree,Agree,Agree,Agree,Strongly Disagree,3,4,3,4,1,3,Agree,Disagree,Strongly Agree,Agree,na,nope,none,N/A
12/9/2021 14:50:49,I have adhered to formally defined coding standards before this course.,I have often used linting tools or checkers before this course.,Neutral,Neutral,Neutral,Neutral,Neutral,Disagree,Disagree,4,4,3,3,3,3,Strongly Disagree,Strongly Disagree,Strongly Disagree,Strongly agree,No.,Stop requesting us to write the explanation of each function.,"No, because some of the code standards are not necessary and they are wasting my time.",
12/9/2021 15:50:17,I have adhered to personal coding standards before this course.,I have never used linting tools or checkers before this course.,Neutral,Agree,Neutral,Agree,Agree,Disagree,Agree,4,4,3,2,3,4,Neutral,Agree,Disagree,Agree,"check for some common ""not descriptive names"", such as ""count, num, find"".","""a line cannot have more than 80 characters"" is okay, but I do not think it is a good idea for the definition of  function.","Yes, but not as many as CS240, which will use a.lot of time to pay attention to code standard. Well, I agree to have a code standard in a course, and this can help the TAs to read our codes quickly.",
12/9/2021 15:58:22,I have adhered to formally defined coding standards before this course.,"I have used linting tools or checkers before this course, but not consistently.",Agree,Strongly Agree,Agree,Agree,Strongly Agree,Agree,Strongly Agree,4,5,3,2,3,4,Strongly Agree,Strongly Agree,Agree,Strongly agree,"I wish there was some sort of initialization warning for variables, just to tell the user to check naming convention and such. ",,"Yes, I think a coding standard is needed to make sure code is both readable and better to grade for TAs.",Overall Code Standard is pretty good.
12/9/2021 16:04:23,I have adhered to formally defined coding standards before this course.,I have never used linting tools or checkers before this course.,Strongly Agree,Strongly Agree,Strongly Agree,Strongly Agree,Strongly Agree,Strongly Agree,Strongly Agree,4,5,3,2,3,4,Strongly Agree,Strongly Agree,Strongly Agree,Strongly disagree,,,,
12/9/2021 16:38:34,I have adhered to personal coding standards before this course.,I have never used linting tools or checkers before this course.,Agree,Neutral,Strongly Agree,Agree,Strongly Agree,Agree,Strongly Agree,1,1,1,1,5,5,Agree,Agree,Strongly Agree,Strongly agree,,,,
12/9/2021 16:42:31,I have adhered to formally defined coding standards before this course.,I have never used linting tools or checkers before this course.,Strongly Agree,Strongly Agree,Agree,Strongly Agree,Agree,Agree,Agree,3,4,3,2,3,4,Strongly Agree,Agree,Neutral,Strongly agree,NA,Would prefer if there was a way to put comments on the same line or on the line right above (instead of having to leave a blank line after each comment). To me it makes more sense for the blank line to come before the comment.,"Yes, makes code much easier to read",
12/9/2021 17:01:30,I have adhered to personal coding standards before this course.,I have never used linting tools or checkers before this course.,Agree,Agree,Agree,Agree,Agree,Agree,Agree,4,4,3,1,3,4,Agree,Agree,Agree,Disagree,Cover as much of the standard as possible ,,,
12/9/2021 17:32:33,I have adhered to personal coding standards before this course.,I have never used linting tools or checkers before this course.,Agree,Agree,Agree,Agree,Neutral,Neutral,Neutral,4,2,3,2,3,4,Disagree,Strongly Disagree,Disagree,Agree,The new linter output should be changed to a similar format of the previous/old linter as it was significantly easier to read and made finding the location of the problem within the code easy to find.,The code standard for this course is ridiculously specific and has no need to be so restricting in the particular formatting of code. One of the most important thing in formatting code is consistency within a single program not following any specific predefined coding standard.,"Yes but a very relaxed coding standard, not the coding standard used for this course.",
12/9/2021 17:32:47,I have adhered to formally defined coding standards before this course.,"I have used linting tools or checkers before this course, but not consistently.",Strongly Agree,Strongly Agree,Agree,Strongly Agree,Agree,Disagree,Neutral,4,5,1,1,3,5,Disagree,Disagree,Strongly Disagree,Agree,,,,
12/9/2021 21:20:08,I have adhered to formally defined coding standards before this course.,"I have used linting tools or checkers before this course, but not consistently.",Agree,Agree,Strongly Agree,Agree,Agree,Agree,Agree,4,4,3,2,5,4,Strongly Agree,Agree,Neutral,Agree,I think the new linter could account for going beyond 80 characters per line since it does not catch those errors. ,I think the code standard does not account for the line width of 80,"Yes, it makes the coding projects more organized. ",N/A
12/10/2021 5:49:11,I have adhered to formally defined coding standards before this course.,"I have used linting tools or checkers before this course, but not consistently.",Agree,Agree,Neutral,Agree,Agree,Neutral,Agree,2,2,3,3,3,4,Agree,Agree,Agree,Disagree,,,,
12/10/2021 6:21:18,I have adhered to personal coding standards before this course.,I have never used linting tools or checkers before this course.,Strongly Agree,Strongly Agree,Strongly Agree,Strongly Agree,Strongly Agree,Strongly Agree,Strongly Agree,4,4,4,2,4,4,Strongly Agree,Strongly Agree,Strongly Agree,Strongly disagree,,,"Yes. Code standard helps makes the code more readable, and that is a good habit.",
12/10/2021 6:29:01,I have adhered to formally defined coding standards before this course.,I have never used linting tools or checkers before this course.,Neutral,Neutral,Neutral,Neutral,Neutral,Neutral,Neutral,4,3,2,3,4,3,Agree,Agree,Agree,Agree,N/A,N/A,Yes because it makes my code look more clean and professional ,N/A
12/10/2021 6:29:07,I have adhered to formally defined coding standards before this course.,I have often used linting tools or checkers before this course.,Strongly Agree,Strongly Agree,Agree,Strongly Agree,Neutral,Neutral,Agree,4,4,2,2,3,4,Agree,Disagree,Disagree,Disagree,It would be nice if the new linter still outputted something when no errors were found. Without it I'm never sure if the linter messed up or if my code is error free.,The naming rules often feel subjective.,"I think some sort of code standard helps with grading and debugging, but that a super strict one just complicates things for students.",
12/10/2021 8:33:51,I have not adhered to any particular coding standards before this course.,I have never used linting tools or checkers before this course.,Strongly Agree,Strongly Agree,Neutral,Strongly Agree,Strongly Agree,Strongly Disagree,Strongly Agree,3,5,3,3,2,4,Agree,Agree,Disagree,Neutral,none,none,yes because its a good habit to practice,
12/10/2021 8:43:58,I have adhered to formally defined coding standards before this course.,"I have used linting tools or checkers before this course, but not consistently.",Agree,Neutral,Disagree,Strongly Agree,Neutral,Disagree,Disagree,1,2,4,4,4,4,Agree,Agree,Disagree,Agree,,,,
12/10/2021 10:44:26,I have not adhered to any particular coding standards before this course.,I have never used linting tools or checkers before this course.,Disagree,Disagree,Neutral,Neutral,Strongly Disagree,Strongly Disagree,Strongly Disagree,1,1,5,5,1,1,Disagree,Strongly Disagree,Strongly Disagree,Agree,It could be more user friendly.,"Not completly clear - I thought I adhered to the Code Standard for all my assignments, but I always had points taken off and I still have no idea why.",No because in the real world every company has its own coding standard so why should we be forced to learn a coding standard that may or may not apply to after college.,
12/10/2021 11:21:26,I have not adhered to any particular coding standards before this course.,I have never used linting tools or checkers before this course.,Agree,Agree,Agree,Agree,Agree,Neutral,Agree,4,4,4,4,4,4,Agree,Agree,Agree,Agree,not really,,,
12/10/2021 11:28:08,I have adhered to personal coding standards before this course.,I have never used linting tools or checkers before this course.,Disagree,Disagree,Disagree,Disagree,Disagree,Disagree,Disagree,1,1,1,1,1,1,Disagree,Disagree,Disagree,Disagree,,,,
12/10/2021 12:04:08,I have not adhered to any particular coding standards before this course.,I have never used linting tools or checkers before this course.,Strongly Agree,Strongly Agree,Strongly Agree,Strongly Agree,Strongly Agree,Strongly Agree,Strongly Agree,5,3,2,2,3,4,Strongly Agree,Strongly Agree,Strongly Agree,Strongly disagree,,,,
12/10/2021 12:52:44,I have adhered to formally defined coding standards before this course.,"I have used linting tools or checkers before this course, but not consistently.",Neutral,Neutral,Agree,Agree,Agree,Agree,Agree,4,3,3,3,3,4,Agree,Agree,Agree,Neutral,None,NOne,,
12/10/2021 13:09:27,I have adhered to formally defined coding standards before this course.,"I have used linting tools or checkers before this course, but not consistently.",Agree,Agree,Agree,Agree,Agree,Neutral,Agree,5,4,4,4,4,4,Agree,Agree,Agree,Agree,"the new linter doesnt check for lines over 80 characters, i have to use the old linter to check for that",,,
12/10/2021 14:41:21,I have adhered to formally defined coding standards before this course.,"I have used linting tools or checkers before this course, but not consistently.",Strongly Disagree,Strongly Disagree,Neutral,Neutral,Neutral,Strongly Disagree,Neutral,3,2,4,4,3,2,Disagree,Disagree,Neutral,Neutral,The linter should find every single code standard errors because the current linter can't list every errors and I have to manually look for code standard even after using the linter. ,The code standard is too strict.,No because my codes are working properly to get 100/100 but the code standard grades negatively impacts my homework grades. I personally think this is unfair because I believe we should be tested in how well our program works not how well we can organize the code to meet the coding standard.,
12/10/2021 16:49:02,I have not adhered to any particular coding standards before this course.,I have never used linting tools or checkers before this course.,Agree,Neutral,Agree,Agree,Agree,Disagree,Neutral,3,3,3,3,3,3,,,,,,,,
12/12/2021 16:01:34,I have not adhered to any particular coding standards before this course.,I have never used linting tools or checkers before this course.,Agree,Agree,Agree,Agree,Agree,Agree,Agree,4,3,5,5,4,4,Agree,Agree,Neutral,Agree,,,,
12/17/2021 11:56:08,I have adhered to personal coding standards before this course.,I have never used linting tools or checkers before this course.,Strongly Agree,Strongly Agree,Agree,Strongly Agree,Strongly Agree,Strongly Agree,Neutral,5,5,1,2,3,3,Strongly Disagree,Neutral,Strongly Disagree,Strongly agree,No,No,Approve,No
12/18/2021 3:49:10,I have adhered to formally defined coding standards before this course.,"I have used linting tools or checkers before this course, but not consistently.",Agree,Agree,Agree,Agree,Agree,Agree,Agree,4,4,4,4,4,4,Agree,Agree,Agree,Agree,it looks good,none,Yes. It is helpful in industry and research,
